DELETE FROM PAGO;
DELETE FROM VISITA;
DELETE FROM CHEQUEO;
DELETE FROM CAPACITACION;
DELETE FROM CLIENTE;
DELETE FROM PROFESIONAL;
DELETE FROM ADMINISTRATIVO;
DELETE FROM USUARIO;
DELETE FROM ACCESO;
DELETE FROM ROL;

--INGRESO DE DATOS DE ROL
INSERT INTO ROL (IDROL, ROLNOMBRE) VALUES ('1', 'CLIENTE');
INSERT INTO ROL (IDROL, ROLNOMBRE) VALUES ('2', 'PROFESIONAL');
INSERT INTO ROL (IDROL, ROLNOMBRE) VALUES ('3', 'ADMINISTRATIVO');

--INGRESO DE DATOS DE ACCESO
INSERT INTO ACCESO (IDACCESO, ACCUSERNAME, ACCPASSWORD, ROL_IDROL) VALUES ('1', 'USERCLI1', '123456', '1');
INSERT INTO ACCESO (IDACCESO, ACCUSERNAME, ACCPASSWORD, ROL_IDROL) VALUES ('2', 'USERCLI2', '123456', '1');
INSERT INTO ACCESO (IDACCESO, ACCUSERNAME, ACCPASSWORD, ROL_IDROL) VALUES ('3', 'USERCLI3', '123456', '1');
INSERT INTO ACCESO (IDACCESO, ACCUSERNAME, ACCPASSWORD, ROL_IDROL) VALUES ('4', 'USERPRO1', '123456', '2');
INSERT INTO ACCESO (IDACCESO, ACCUSERNAME, ACCPASSWORD, ROL_IDROL) VALUES ('5', 'USERPRO2', '123456', '2');
INSERT INTO ACCESO (IDACCESO, ACCUSERNAME, ACCPASSWORD, ROL_IDROL) VALUES ('6', 'USERPRO3', '123456', '2');
INSERT INTO ACCESO (IDACCESO, ACCUSERNAME, ACCPASSWORD, ROL_IDROL) VALUES ('7', 'USERAD1', '123456', '3');
INSERT INTO ACCESO (IDACCESO, ACCUSERNAME, ACCPASSWORD, ROL_IDROL) VALUES ('8', 'USERAD2', '123456', '3');
INSERT INTO ACCESO (IDACCESO, ACCUSERNAME, ACCPASSWORD, ROL_IDROL) VALUES ('9', 'USERAD3', '123456', '3');

--INGRESO DE DATOS DE USUARIO
INSERT INTO USUARIO (RUNUSUARIO, USNOMBRE, USAPELLIDO, USNACIMIENTO, ACCESO_IDACCESO)   --Cliente
VALUES ('111111111', 'MICHAEL', 'PEREZ JACKSON','10/03/1989', 1);
INSERT INTO USUARIO (RUNUSUARIO, USNOMBRE, USAPELLIDO, USNACIMIENTO, ACCESO_IDACCESO)   --Cliente  
VALUES ('222222222', 'WILLY', 'SABOR','10/04/1989', 2);
INSERT INTO USUARIO (RUNUSUARIO, USNOMBRE, USAPELLIDO, USNACIMIENTO, ACCESO_IDACCESO)   --Cliente
VALUES ('333333333', 'CHARLIE', 'VADULAQUE','10/05/1980', 3);

INSERT INTO USUARIO (RUNUSUARIO, USNOMBRE, USAPELLIDO, USNACIMIENTO, ACCESO_IDACCESO)   --Profesional
VALUES ('444444444', 'RAMON', 'TORRES','10/09/1988', 4);
INSERT INTO USUARIO (RUNUSUARIO, USNOMBRE, USAPELLIDO, USNACIMIENTO, ACCESO_IDACCESO)   --Profesional
VALUES ('555555555', 'FABIOLA', 'CASTILLO','10/10/1995', 5);
INSERT INTO USUARIO (RUNUSUARIO, USNOMBRE, USAPELLIDO, USNACIMIENTO, ACCESO_IDACCESO)   --Profesional
VALUES ('666666666', 'PATRICIO', 'SANHUEZA','10/11/1991', 6);

INSERT INTO USUARIO (RUNUSUARIO, USNOMBRE, USAPELLIDO, USNACIMIENTO, ACCESO_IDACCESO)   --Administrativo
VALUES('777777777','JAIME','CASAS','10/06/1989', 7);
INSERT INTO USUARIO (RUNUSUARIO, USNOMBRE, USAPELLIDO, USNACIMIENTO, ACCESO_IDACCESO)   --Administrativo
VALUES('888888888','JAVIERA','OSSANDON','10/07/1989', 8);
INSERT INTO USUARIO (RUNUSUARIO, USNOMBRE, USAPELLIDO, USNACIMIENTO, ACCESO_IDACCESO)   --Administrativo
VALUES('999999999','MARTIN','ARELLANO','10/08/1980', 9);

--INGRESO DE DATOS DE CLIENTE
INSERT INTO CLIENTE (RUTCLIENTE, CLITELEFONO, CLIAFP ,CLISISTEMASALUD , CLIDIRECCION, CLICOMUNA, CLIEDAD, USUARIO_RUNUSUARIO)
VALUES ('114477', '+56912345678', 'Plan Vital', '1', 'LAS PARCELAS', 'PEÑALOLEN', '32', '111111111');
INSERT INTO CLIENTE (RUTCLIENTE, CLITELEFONO, CLIAFP ,CLISISTEMASALUD, CLIDIRECCION, CLICOMUNA, CLIEDAD, USUARIO_RUNUSUARIO)
VALUES ('113388', '+56945612378', 'Modelo', '2', 'JOSE ARRIETA', 'PEÑALOLEN', '40', '222222222');
INSERT INTO CLIENTE (RUTCLIENTE, CLITELEFONO, CLIAFP ,CLISISTEMASALUD, CLIDIRECCION, CLICOMUNA, CLIEDAD, USUARIO_RUNUSUARIO)
VALUES ('112299', '+56978912345', 'Capital', '1', 'DOMINGO TOCORNAL', 'PUENTE ALTO', '32', '333333333');

--INGRESO DE DATOS DE PROFESIONAL
INSERT INTO PROFESIONAL(IDPROFESIONAL, PROTELEFONO, PROTITULO,PROPROYECTO, USUARIO_RUNUSUARIO)
VALUES('1', '+56978451258', 'SOCIOLOGIA', 'NOMBREPROYECTO1', '444444444');
INSERT INTO PROFESIONAL(IDPROFESIONAL, PROTELEFONO, PROTITULO,PROPROYECTO, USUARIO_RUNUSUARIO)
VALUES('2', '+56978561252', 'LICENCIATURA EN HISTORIA', 'NOMBREPORYECTO2', '555555555');
INSERT INTO PROFESIONAL(IDPROFESIONAL, PROTELEFONO, PROTITULO,PROPROYECTO, USUARIO_RUNUSUARIO)
VALUES('3', '+56978231565', 'PSICOLOGIA SOCIAL', 'NOMBREPROYECTO3', '666666666');

--INGRESO DE DATOS DE ADMINISTRATIVO
INSERT INTO ADMINISTRATIVO (IDADMINISTRATIVO, ADCORREO, ADAREA, USUARIO_RUNUSUARIO ) VALUES ('1', 'A1@GMAIL.COM', 'INFORMATICA', '777777777');
INSERT INTO ADMINISTRATIVO (IDADMINISTRATIVO, ADCORREO, ADAREA, USUARIO_RUNUSUARIO) VALUES ('2', 'A2@GMAIL.COM', 'LOGISTICA', '888888888');
INSERT INTO ADMINISTRATIVO (IDADMINISTRATIVO, ADCORREO, ADAREA, USUARIO_RUNUSUARIO) VALUES ('3', 'A3@GMAIL.COM', 'DESARROLLO', '999999999');

--INGRESO DE DATOS DE CAPACITACION
INSERT INTO CAPACITACION (IDCAPACITACION, CAPFECHA, CAPHORA, CAPLUGAR, CAPDURACION, CLIENTE_RUTCLIENTE)
VALUES ('1', '10/03/2021', '10:30', 'SANTIAGO', '120', '114477');
INSERT INTO CAPACITACION (IDCAPACITACION, CAPFECHA, CAPHORA, CAPLUGAR, CAPDURACION, CLIENTE_RUTCLIENTE)
VALUES ('2', '11/03/2021', '11:30', 'VIÑA DEL MAR', '120', '113388');
INSERT INTO CAPACITACION (IDCAPACITACION, CAPFECHA, CAPHORA, CAPLUGAR, CAPDURACION, CLIENTE_RUTCLIENTE)
VALUES ('3', '12/03/2021', '10:30', 'VALDIVIA', '120', '112299');
INSERT INTO CAPACITACION (IDCAPACITACION, CAPFECHA, CAPHORA, CAPLUGAR, CAPDURACION, CLIENTE_RUTCLIENTE)
VALUES ('4', '13/03/2021', '11:30', 'LA FLORIDA', '120', '112299');
INSERT INTO CAPACITACION (IDCAPACITACION, CAPFECHA, CAPHORA, CAPLUGAR, CAPDURACION, CLIENTE_RUTCLIENTE)
VALUES ('5', '14/03/2021', '10:30', 'VALDIVIA', '120', '112299');
INSERT INTO CAPACITACION (IDCAPACITACION, CAPFECHA, CAPHORA, CAPLUGAR, CAPDURACION, CLIENTE_RUTCLIENTE)
VALUES ('6', '15/03/2021', '11:30', 'PUERTO MONTT', '120', '112299');

--INGRESO DE DATOS DE VISITA
INSERT INTO VISITA (IDVISITA, VISFECHA, VISHORA, VISLUGAR, VISCOMENTARIO, CLIENTE_RUTCLIENTE) VALUES ('1', '21/04/2020', '10:30', 'VALPARAISO', 'inspeccion', '114477');
INSERT INTO VISITA (IDVISITA, VISFECHA, VISHORA, VISLUGAR, VISCOMENTARIO, CLIENTE_RUTCLIENTE) VALUES ('2', '22/04/2020', '10:30', 'SANTIAGO', 'revision', '113388');
INSERT INTO VISITA (IDVISITA, VISFECHA, VISHORA, VISLUGAR, VISCOMENTARIO, CLIENTE_RUTCLIENTE) VALUES ('3', '23/04/2020', '10:30', 'COPIAPO', 'supervicion', '112299');

--INGRESO DE DATOS DE CHEQUEO
INSERT INTO CHEQUEO (IDCHEQUEO, NOMBRE, DETALLE, ESTADO, CLIENTE_RUTCLIENTE) VALUES ('1', 'Mantenimiento Preventivo 1', 'revisar cumplimiento', '1', '114477');
INSERT INTO CHEQUEO (IDCHEQUEO, NOMBRE, DETALLE, ESTADO, CLIENTE_RUTCLIENTE) VALUES ('2', 'Mantenimiento Preventivo 2', 'revisar cumplimiento', '2', '114477');
INSERT INTO CHEQUEO (IDCHEQUEO, NOMBRE, DETALLE, ESTADO, CLIENTE_RUTCLIENTE) VALUES ('3', 'Mantenimiento Preventivo 3', 'revisar cumplimiento', '3', '114477');


INSERT INTO CHEQUEO (IDCHEQUEO, NOMBRE, DETALLE, ESTADO, CLIENTE_RUTCLIENTE) VALUES ('4', 'Mantenimiento Preventivo 1', 'revisar cumplimiento', '1', '113388');
INSERT INTO CHEQUEO (IDCHEQUEO, NOMBRE, DETALLE, ESTADO, CLIENTE_RUTCLIENTE) VALUES ('5', 'Mantenimiento Preventivo 2', 'revisar cumplimiento', '2', '113388');
INSERT INTO CHEQUEO (IDCHEQUEO, NOMBRE, DETALLE, ESTADO, CLIENTE_RUTCLIENTE) VALUES ('6', 'Mantenimiento Preventivo 3', 'revisar cumplimiento', '3', '113388');

INSERT INTO CHEQUEO (IDCHEQUEO, NOMBRE, DETALLE, ESTADO, CLIENTE_RUTCLIENTE) VALUES ('7', 'Mantenimiento Preventivo 1', 'revisar cumplimiento', '1', '112299');
INSERT INTO CHEQUEO (IDCHEQUEO, NOMBRE, DETALLE, ESTADO, CLIENTE_RUTCLIENTE) VALUES ('8', 'Mantenimiento Preventivo 2', 'revisar cumplimiento', '2', '112299');
INSERT INTO CHEQUEO (IDCHEQUEO, NOMBRE, DETALLE, ESTADO, CLIENTE_RUTCLIENTE) VALUES ('9', 'Mantenimiento Preventivo 3', 'revisar cumplimiento', '3', '112299');

--INGRESO DE DATOS DE PAGO
INSERT INTO PAGO (IDPAGO, PAGFECHA, PAGMONTO, PAGMES, PAGANYO, CLIENTE_RUTCLIENTE) VALUES ('1', '25/04/2021', '500000', '3', '2021', '114477');
INSERT INTO PAGO (IDPAGO, PAGFECHA, PAGMONTO, PAGMES, PAGANYO, CLIENTE_RUTCLIENTE) VALUES ('2', '26/04/2021', '300000', '4', '2021', '113388');
INSERT INTO PAGO (IDPAGO, PAGFECHA, PAGMONTO, PAGMES, PAGANYO, CLIENTE_RUTCLIENTE) VALUES ('3', '27/04/2021', '100000', '5', '2021', '112299');

COMMIT;